steps,update,ep_rew_mean,std,policy_loss,value_loss,entropy,approx_kl,clip_frac,p_lane_change
2048,1,8.000730365272954,0.6059499382972717,-0.004664538627548609,0.6261577199213206,1.9757196869701148,0.0019146236532833426,0.032080078125,0.5151875615119934
4096,2,14.922382308576374,0.6052257418632507,-0.008283804106758908,0.6620213228277863,1.9624429982155562,0.008066033379873262,0.0828125,0.5249091386795044
6144,3,17.804632564571147,0.6028759479522705,-0.010431901697302237,0.702908058068715,1.9552909061312675,0.009727943915640936,0.094140625,0.5528680086135864
8192,4,22.950201185818475,0.5974075794219971,-0.006957295059692115,0.5306562632089481,1.9463010974228383,0.008047697896836325,0.109521484375,0.5474581718444824
10240,5,25.083797457684152,0.598700761795044,-0.004302085845847614,1.4574801341630519,1.9345535699278116,0.00956181306974031,0.060595703125,0.5730408430099487
12288,6,27.476719215809148,0.6006330251693726,-0.005534992786124349,0.9386923242127523,1.9103129245340824,0.008252934383926913,0.038720703125,0.5850933790206909
14336,7,30.018780649784794,0.6026861071586609,-0.006687887986481655,1.0498128811828793,1.8763453483581543,0.007853004813659937,0.037646484375,0.5932451486587524
16384,8,26.128023092673068,0.6018627882003784,-0.007220902388507966,1.4327974959276617,1.8719607174396515,0.006686729131615721,0.036962890625,0.6098062992095947
18432,9,34.93718271070777,0.5986210107803345,-0.0002863077927031554,0.6436970936600119,1.8854441598057747,0.0036563704547006638,0.041162109375,0.6518937945365906
20480,10,34.5349178121999,0.6021307706832886,-0.005629516880435404,1.8781059820204973,1.8956404201686383,0.008324896366684698,0.0984375,0.6060023903846741
22528,11,33.0716962509595,0.6003302931785583,-0.004220685125619639,1.68685852130875,1.8715016517788172,0.013433546613669023,0.1103515625,0.543489933013916
24576,12,37.207392555315685,0.5974938273429871,-0.001129668630892411,1.3236440289067104,1.852806519716978,0.007856636718497612,0.038818359375,0.5813373327255249
26624,13,35.65474692405193,0.5977051854133606,-0.00297483070025919,1.4170154691208154,1.8289049834012985,0.004169392341282219,0.066845703125,0.5862802267074585
28672,14,36.375048120448874,0.5979999303817749,-0.006008466487401165,0.8563950132345781,1.801239200681448,0.008798811459564604,0.091064453125,0.5302481055259705
30720,15,39.625523083101704,0.5999163389205933,-0.00035709627118194474,0.7124267819570378,1.801667409017682,0.00657163059222512,0.05888671875,0.48769259452819824
32768,16,41.79329005612398,0.6024808287620544,-0.006030038969765883,0.5812659525312484,1.8219021141529084,0.003361329025938176,0.037890625,0.532322883605957
34816,17,44.63302979359529,0.6070393919944763,-0.0022351707877533043,0.584060956677422,1.8492356851696967,0.008366455670329741,0.08994140625,0.5000147819519043
36864,18,36.48326932570248,0.608595073223114,-0.011532744555734099,3.0383249314501883,1.8441805820912123,0.00860801627568435,0.08720703125,0.4534980356693268
38912,19,40.007068338993975,0.607258141040802,-0.003459694497723831,0.9348340576980263,1.8016954839229584,0.01628506862616632,0.13125,0.4521624743938446
40960,20,35.88968777597212,0.6066567301750183,-0.007736631143779959,1.1808761687017977,1.8112609330564737,0.0057925321802031245,0.065283203125,0.4463835060596466
43008,21,37.62796291144194,0.6063979864120483,-0.003687053338944679,0.31517736983951183,1.804701178520918,0.006641530207707547,0.0744140625,0.4691702127456665
45056,22,41.10181443318625,0.6070865392684937,-0.00487332415941637,0.42344393881503495,1.8613573975861073,0.010485104285180569,0.0625,0.5455498099327087
47104,23,46.57231296988277,0.6028674840927124,-0.004609524391707964,0.38439030293375254,1.8474819995462894,0.008858802204485983,0.074462890625,0.5834662914276123
49152,24,53.76746692115147,0.5996274352073669,-0.002564573101699352,0.41964760472765195,1.8009726781398059,0.0012908696779049933,0.07626953125,0.5487961173057556
51200,25,57.13727273576908,0.6053720712661743,-0.005106223151960876,0.45764255011454225,1.8162246361374854,0.006121104245539755,0.08466796875,0.6226794719696045
53248,26,59.83666819870181,0.6067549586296082,-0.005511821054096799,0.42598178937332704,1.7791405826807023,0.009496186772594228,0.0986328125,0.6833549737930298
55296,27,58.26225762026958,0.6067935824394226,-0.006034300888131838,0.9532016003038735,1.8216762378811837,0.003797357963048853,0.0876953125,0.6396418809890747
57344,28,57.33431132100229,0.6079664826393127,-0.0005119176392327062,0.43691462742863224,1.8504751298576594,0.0038585361297009515,0.023876953125,0.6436946392059326
59392,29,58.238933620709375,0.6094213724136353,-0.0004647706897230819,0.45898919068276883,1.8106468707323073,0.00662041014584247,0.042138671875,0.7194382548332214
61440,30,56.5759288829674,0.6075583100318909,-0.0055358383717248215,0.4492969371494837,1.7178675815463067,0.00951093110779766,0.09091796875,0.7628830671310425
63488,31,56.321082807730065,0.6074215173721313,-0.0035424722533207386,0.43559879426611586,1.6787019476294518,0.010133587181917392,0.07763671875,0.7732812762260437
65536,32,53.01690640257802,0.6083780527114868,-0.0021896766163990835,1.5358298631384968,1.6797972325235606,0.004461676892242394,0.028857421875,0.7792297005653381
67584,33,53.96263389289461,0.6115222573280334,-0.002420003262523096,1.0922911833971738,1.7056178644299507,0.003627010917989537,0.048095703125,0.7455030679702759
69632,34,54.11044823354348,0.612977921962738,-0.001292448707681615,0.4408291240571998,1.776180300861597,0.008749932501814328,0.08310546875,0.6968026757240295
71680,35,53.70633697160666,0.6139494180679321,-0.0053369880901300345,0.4176952544366941,1.772476951405406,0.0031055286031914874,0.059619140625,0.7460578680038452
73728,36,50.62774223833281,0.6157609820365906,-0.002548891296464717,1.102433596132323,1.7901503194123507,0.009927178287762217,0.0830078125,0.7109332084655762
75776,37,50.39965082278513,0.6224601864814758,-0.002444003206619527,0.4500043682288378,1.7973564967513085,0.008543251143419184,0.047265625,0.6683940291404724
77824,38,54.18212786924812,0.6289201974868774,-0.000338635676598642,0.444043183978647,1.827983843535185,0.0048025216005044054,0.027392578125,0.6505053043365479
79872,39,54.31761864447901,0.6353011727333069,-0.002768534593633376,0.40567615650361405,1.8855508327484132,0.010311209975043312,0.08037109375,0.6014288663864136
81920,40,55.41281609490704,0.6333038806915283,-0.0018691710225539281,0.40432185800746084,1.8928013164550066,0.007105227565625682,0.04970703125,0.6334868669509888
83968,41,55.40562925539864,0.6335164308547974,-0.005247406275157118,0.41839562708046285,1.88379180803895,0.006740880970028229,0.0849609375,0.5589404702186584
86016,42,58.20986187390027,0.6295048594474792,-0.0017549914962728507,0.41137063486967235,1.8793826032429934,0.0059131242043804376,0.05,0.5497339963912964
88064,43,59.49168878757681,0.6290486454963684,-0.01110886979586212,0.43039600915508347,1.8793164644390346,0.014447297406150028,0.2275390625,0.629292905330658
90112,44,59.114866968954814,0.6296830177307129,-0.0006740515600540675,0.4122769527602941,1.849737510830164,0.002671049878699705,0.02841796875,0.6721818447113037
92160,45,59.482291397949076,0.6314240097999573,-0.0012097279177396558,0.570412680436857,1.845313848182559,0.007268428333918564,0.049267578125,0.6034345626831055
94208,46,57.10550063288165,0.6310598254203796,-0.0050796267038094815,1.1333508849958889,1.8325379393994807,0.005935329632484354,0.0591796875,0.6117316484451294
96256,47,55.32439237244902,0.6311588883399963,0.0040640694263856855,0.5409217476611957,1.772539384290576,0.009364642156288027,0.071044921875,0.6691352128982544
98304,48,51.050110223184205,0.6313911080360413,-0.002693375226954231,0.7616443634266034,1.771813603118062,0.004095633016549982,0.06826171875,0.6595251560211182
100352,49,51.221146333637094,0.6286298632621765,-0.003338626679033041,0.44712649369612334,1.804781910777092,0.0038199303759029134,0.06435546875,0.6768928170204163
102400,50,50.51743588814583,0.6294556260108948,-0.005232740001520142,0.3640251393779181,1.8467027395963669,0.007671364114503376,0.116748046875,0.6391714811325073
104448,51,46.56702954247116,0.63043212890625,-0.0044044471811503175,1.7033401475753636,1.8361557517200708,0.005764552697655745,0.044775390625,0.6402512192726135
106496,52,45.428042414159286,0.630789577960968,-0.007815314561594278,0.7336373529164121,1.8381163790822028,0.007195362099446356,0.07724609375,0.6477267742156982
108544,53,42.50297767696662,0.6315089464187622,-0.007792568849981763,2.0942238670773805,1.839517455548048,0.008047410551807844,0.099853515625,0.5984798073768616
110592,54,40.00925167430084,0.6357032656669617,-0.0024283007020130753,0.5172857047640719,1.829641980677843,0.0017916622018674389,0.042919921875,0.6185466647148132
112640,55,41.9716294642552,0.6371077299118042,-0.006491581376758404,0.8607534903567284,1.8709582529962063,0.0063238484552130105,0.032763671875,0.5739673376083374
114688,56,45.73822868014567,0.6341619491577148,-0.004549792094621807,0.42350447629578414,1.847778245434165,0.004105985988280736,0.047314453125,0.5691258311271667
116736,57,49.36482805679161,0.6355631947517395,-0.009090408531483263,0.7933905663201586,1.8427040100097656,0.009790656316909008,0.073779296875,0.6080578565597534
118784,58,51.6441440884282,0.6359552145004272,-0.0018207430388429203,0.4968214679742232,1.8251865480095149,0.0067484999453881755,0.067529296875,0.5877420902252197
120832,59,56.99680112562184,0.6401885151863098,-0.00422448137687752,0.46735819046152755,1.8537107817828655,0.004244336870033294,0.08740234375,0.5683414340019226
122880,60,60.04713607741304,0.6430407762527466,-0.0037430834883707574,0.45500969593413176,1.8755208935588599,0.004965942463604734,0.0607421875,0.6108611822128296
124928,61,61.345361053782405,0.6467998027801514,-0.0036957436997909097,0.48284864994930105,1.8536453124135732,0.007008710480295122,0.073876953125,0.5691888332366943
126976,62,63.313875571009135,0.6499123573303223,-0.0035295491165015847,0.45412931182654576,1.8312630478292704,0.012371171000995673,0.106689453125,0.5938692092895508
129024,63,63.5768907411746,0.6513238549232483,-0.003614818654023111,0.4937879448174499,1.8429442178457975,0.006570304866181686,0.06533203125,0.5462429523468018
131072,64,64.9072804286901,0.6551123857498169,-0.006641976836544927,0.43347186768660323,1.8103874444961547,0.007083102461183444,0.108935546875,0.6127874851226807
133120,65,63.82225081358946,0.6537965536117554,-0.001135066183633171,0.45964682949706914,1.7824215814471245,0.00695074423274491,0.055908203125,0.6236474514007568
135168,66,58.90799307916552,0.6571011543273926,-0.004003448006915278,0.8051020746119321,1.7804719664156436,0.002760736100026406,0.028271484375,0.6267786622047424
137216,67,58.808039326388304,0.6594995856285095,-0.0019454059554846026,0.42067745490930974,1.8065612681210041,0.006535845671896823,0.058837890625,0.6472551226615906
139264,68,56.77436542811397,0.6611080169677734,-0.0003540100035024807,0.9006449876120314,1.8089393686503172,0.0005270484020002186,0.038232421875,0.6452372670173645
141312,69,55.03404873258911,0.6578218936920166,-0.0030150676029734313,0.41808430911041794,1.8074342515319586,0.010625401840661653,0.086962890625,0.6919368505477905
143360,70,54.680913266960715,0.664184033870697,-0.0014983610468334518,0.38477222345536577,1.8113278582692147,0.003283934382488951,0.061474609375,0.6416129469871521
145408,71,54.97988871175445,0.6669157147407532,-0.001413938609766774,0.37565279910340904,1.7829876732081176,0.0038836156280012803,0.04736328125,0.6584563255310059
147456,72,58.618256326242815,0.6649351716041565,-0.0013117218200932256,0.41016646461794154,1.816879015788436,0.004781628362252377,0.069482421875,0.6148234009742737
149504,73,59.019142043728664,0.6725743412971497,-0.003346587509440724,0.3954739135922864,1.829146820679307,0.004491657484322786,0.080029296875,0.5843793153762817
151552,74,59.342483860407036,0.6739027500152588,-0.0030424566095462067,0.3843494360218756,1.8455464441329241,0.003396908103604801,0.070068359375,0.5889913439750671
153600,75,60.48862923186688,0.6722440719604492,-0.0034860435785958543,0.421101204410661,1.8324658408761025,0.011775520839728415,0.050439453125,0.6206094622612
155648,76,60.71400327553833,0.6713548898696899,-0.0034471733059035616,0.39074337532510983,1.8373414497822522,0.005262343483627774,0.0453125,0.6217082738876343
157696,77,60.06057447700205,0.6702328324317932,-0.0025381013874721248,0.4013804187532514,1.8725854456424713,0.007114593405276537,0.05390625,0.6051570177078247
159744,78,60.4237593845257,0.6662113666534424,-0.007210336210118839,0.4297980403876863,1.890028840303421,0.012804232546477579,0.107177734375,0.5297691226005554
161792,79,59.180275189650175,0.6682730913162231,-0.0054140235530212525,0.4055037597776391,1.8600126590579749,0.003062197004328482,0.0615234375,0.5465654730796814
163840,80,58.721342252655305,0.6700249910354614,-0.0042178035422693935,0.5179183120839298,1.8661310020834208,0.008970964213949629,0.080029296875,0.6147599816322327
165888,81,58.47953243433767,0.6715353727340698,-0.006007578611024656,0.37647853792877867,1.8764249753206967,0.009148859643028117,0.0943359375,0.534953236579895
167936,82,58.771167712061285,0.6706317663192749,-0.00046002242888789626,0.39801866255002094,1.876077116280794,0.004716234534862451,0.0369140625,0.5247955918312073
169984,83,58.30273889678767,0.6688113808631897,-0.002854149727500044,0.37050221806857736,1.891605980694294,0.005304933962179348,0.066064453125,0.5012339949607849
172032,84,57.063577351159026,0.6679562330245972,-0.003138401317119133,0.4551956608775072,1.8911859024316073,0.0027810137369669976,0.036865234375,0.5340426564216614
174080,85,56.611735810736185,0.6698992252349854,-0.003509501456574071,1.0208409275393933,1.8845276523381471,0.006268645837553777,0.063525390625,0.5675163865089417
176128,86,57.832763339651216,0.6698234677314758,-0.0036592915435903705,0.404524412646424,1.882996329665184,0.005393720080610365,0.06748046875,0.5274590253829956
178176,87,58.638872836252744,0.6695849299430847,-0.003522677923319861,0.4063692177296616,1.8980522785335778,0.0050632805679924784,0.0630859375,0.49453121423721313
180224,88,58.96065121057925,0.6670233011245728,-0.002709217823576182,0.43232992544071747,1.9055130317807198,0.009410386564559304,0.1021484375,0.5902425050735474
182272,89,57.370920852495615,0.6687446236610413,-0.006518248822249007,0.4281926008523442,1.8915310692042113,0.011160055236541667,0.086865234375,0.6637691259384155
184320,90,58.17717480144736,0.6693699955940247,-0.004969004221493378,0.4145207797875628,1.9279803421348334,0.008376224286621436,0.125927734375,0.6096137166023254
186368,91,58.83851026077586,0.6694048047065735,-0.0037273054113029502,0.4346751639503054,1.8864373356103896,0.0065352463396266105,0.0716796875,0.6765546202659607
188416,92,59.35633694195267,0.6731749176979065,-0.003723220699612284,0.4326800624956377,1.8882321514189244,0.009160316846100613,0.101123046875,0.7213305234909058
190464,93,59.064331629339435,0.6713623404502869,-0.0055628241287195125,0.41008112611016256,1.8782402832061051,0.007241983391577378,0.075439453125,0.7361136674880981
192512,94,53.269785505973196,0.6702829003334045,-0.003894667419081088,1.5570784443523735,1.8207640621811152,0.0020333973661763594,0.0337890625,0.761412501335144
194560,95,52.97943286722948,0.670463502407074,-0.0019376775613636709,0.8528188260272145,1.8424716286361218,0.004222693532938138,0.04365234375,0.6957034468650818
196608,96,52.14319031167709,0.6703668236732483,-0.004469449768657796,0.399828935181722,1.8547038093209267,0.011046743561746553,0.093798828125,0.6441441774368286
198656,97,52.10569973516109,0.6683549880981445,-0.006474995995813515,0.8398909517331049,1.8149378947913646,0.004863210461917333,0.0673828125,0.6194593906402588
200704,98,52.015653400961035,0.6668046116828918,-0.010478555207373574,0.40755294483387844,1.8586324241012335,0.014459744608029724,0.2017578125,0.5443138480186462
